insert into Users values ('Sam', '123', 'admin');
insert into Users values ('Steve', '234', 'admin');
insert into Users values ('Ken', '3128', 'user');
insert into Users values ('Tom', '100', 'user');
insert into Users values ('Ben', '120', 'user');
insert into team  values ('India', 'Mumbai');
insert into team  values ('Australia', 'Sydney');
insert into Player values ('Rahul Dravid', '0', 'wicketkeeper', '1980-09-09', '35', 'M', '0', '0', '0', '0', '7', '16', '140', '0/0', '9', '3678', '219', '219', 'India');
insert into Player values ('MS Dhoni', '0', 'Skipper', '1981-10-09', '34', 'M', '0', '0', '0', '0', '10', '18', '150', '0/0', '12', '3979', '200', '200', 'India');
insert into Player values ('Sachin Tendulkar', '19', 'batsman', '1979-12-01', '36', 'M', '2', '291', '420', '2', '29', '160', '223', '2/45', '98', '13678', '300', '300', 'India');
insert into Player values ('Saurav Ganguli', '27', 'all-rounder', '1978-11-30', '37', 'M', '6', '430', '709', '11', '7', '16', '170', '4/34', '72', '8765', '200', '200', 'India');
insert into Player values ('Virendra Sehwag', '0', 'batsman', '1980-09-09', '35', 'M', '0', '0', '0', '0', '7', '16', '140', '0/0', '9', '3678', '219', '219', 'India');
insert into Player values ('VVS Laxman', '0', 'batsman', '1980-09-09', '35', 'M', '0', '0', '0', '0', '7', '16', '140', '0/0', '9', '3678', '219', '219', 'India');
insert into Player values ('Zaheer Khan', '542', 'bowler', '1980-09-09', '35', 'M', '0', '0', '0', '0', '7', '16', '140', '0/0', '9', '3678', '219', '219', 'India');
insert into Player values ('Harbhajan Singh', '341', 'bowler', '1980-09-09', '35', 'M', '0', '0', '0', '0', '7', '16', '140', '0/0', '9', '3678', '219', '219', 'India');
insert into Player values ('Yuvraj Singh', '101', 'all-rounder', '1980-09-09', '35', 'M', '0', '0', '0', '0', '7', '16', '140', '0/0', '9', '3678', '219', '219', 'India');
insert into Player values ('Virat Kohli', '0', 'batsman', '1980-09-09', '35', 'M', '0', '0', '0', '0', '7', '16', '140', '0/0', '9', '3678', '219', '219', 'India');
insert into Player values ('Suresh Raina', '0', 'batsman', '1980-09-09', '35', 'M', '0', '0', '0', '0', '7', '16', '140', '0/0', '9', '3678', '219', '219', 'India');
insert into Player values ('Keertikeya Gupta', '500', 'all-rounder', '1980-09-09', '35', 'M', '0', '0', '0', '0', '7', '16', '140', '0/0', '9', '3678', '219', '219', 'India');
insert into Player values ('Gautam Gambhir', '0', 'batsman', '1980-09-09', '35', 'M', '0', '0', '0', '0', '7', '16', '140', '0/0', '9', '3678', '219', '219', 'India');
insert into Player values ('Ravindra Jadeja', '200', 'all-rounder', '1980-09-09', '35', 'M', '0', '0', '0', '0', '7', '16', '140', '0/0', '9', '3678', '219', '219', 'India');
insert into Player values ('Kapil Dev', '760', 'all-rounder', '1950-09-03', '65', 'M', '20', '500', '900', '51', '27', '96', '120', '10/62', '76', '2779', '400', '400', 'India');
insert into Player values ('Adam Gilchrist', '0', 'wicketkeeper', '1950-09-03', '65', 'M', '20', '500', '900', '51', '27', '96', '120', '0/0', '76', '2779', '400', '400', 'Ausralia');
insert into Player values ('Ricky Ponting', '0', 'Skipper', '1982-09-02', '33', 'M', '20', '500', '900', '51', '27', '96', '120', '0/0', '76', '2779', '400', '400', 'Australia');
insert into Player values ('Steve Waugh', '0', 'batsman', '1950-09-03', '65', 'M', '20', '500', '900', '51', '27', '96', '120', '0/0', '76', '2779', '400', '400', 'Australia');
insert into Player values ('Jason Gillespi', '321', 'bowler', '1950-09-03', '65', 'M', '20', '500', '900', '51', '27', '96', '120', '8/42', '76', '2779', '400', '400', 'Australia');
insert into Player values ('Brett Lee', '654', 'bowler', '1950-09-03', '65', 'M', '20', '500', '900', '51', '27', '96', '120', '10/872', '76', '2779', '400', '400', 'Australia');
insert into Player values ('Matthew Hayden', '0', 'batsman', '1950-09-03', '65', 'M', '20', '500', '900', '51', '27', '96', '120', '0/0', '76', '7790', '400', '400', 'Australia');
insert into Player values ('Michael Clarke', '0', 'batsman', '1950-09-03', '65', 'M', '20', '500', '900', '51', '27', '96', '120', '0/0', '76', '1775', '400', '400', 'Australia');
insert into Player values ('Andrew Symonds', '178', 'all-rounder', '1950-09-03', '65', 'M', '20', '500', '900', '51', '27', '96', '120', '8/62', '76', '2779', '400', '400', 'Australia');
insert into Player values ('Glen Mcgrath', '781', 'bowler', '1970-09-03', '45', 'M', '20', '500', '900', '51', '27', '96', '120', '10/26', '76', '2779', '400', '400', 'Australia');
insert into Player values ('Shane Warne', '800', 'bowler', '1991-12-31', '24', 'M', '20', '500', '900', '51', '27', '96', '120', '10/19', '76', '2779', '400', '400', 'Australia');
insert into Player values ('Shane Watson', '320', 'all-rounder', '1950-09-03', '65', 'M', '20', '500', '900', '51', '27', '96', '120', '2/67', '76', '2779', '400', '400', 'Australia');
insert into Player values ('David Warner', '0', 'batsman', '1960-09-03', '55', 'M', '20', '500', '900', '51', '27', '96', '120', '0/0', '76', '2779', '400', '400', 'Australia');
insert into Player values ('Darren Lehmann', '19', 'all-rounder', '1990-10-31', '25', 'M', '20', '500', '900', '51', '27', '96', '120', '5/75', '76', '2779', '400', '400', 'Australia');
insert into Player values ('Brad Hogg', '200', 'all-rounder', '1990-09-03', '25', 'M', '20', '500', '900', '51', '27', '96', '120', '4/60', '76', '2779', '400', '400', 'Australia');
insert into Player values ('Damien Martyn', '0', 'batsman', '1950-09-03', '65', 'M', '20', '500', '900', '51', '27', '96', '120', '0/0', '76', '2779', '400', '400', 'Australia');

insert into Plays values ('100', 'India', 'Australia', '50', '47.4', '359', '286', '07', '10', '23', '40');
insert into Plays values ('101', 'India', 'Australia', '50', '47.4', '309', '286', '06', '10', '29', '47');
insert into Plays values ('102', 'India', 'Australia', '45.2', '46.1', '389', '243', '10', '10', '23', '40');
insert into Plays values ('103', 'India', 'Australia', '50', '42.4', '350', '286', '07', '10', '36', '10');
insert into Plays values ('104', 'India', 'Australia', '45.6', '47.4', '335', '286', '07', '10', '09', '32');
insert into Plays values ('105', 'Australia', 'India', '50', '47.4', '359', '286', '03', '06', '30', '46');
insert into Plays values ('106', 'Australia', 'India', '45.5', '47.4', '359', '286', '07', '10', '23', '20');
insert into Plays values ('107', 'Australia', 'India', '49.2', '50', '234', '240', '05', '07', '23', '40');
insert into Plays values ('108', 'Australia', 'India', '50', '49.4', '321', '288', '07', '10', '38', '44');
insert into Plays values ('109', 'Australia', 'India', '50', '47.3', '333', '276', '09', '10', '22', '40');
insert into `Match` values ('100', '2015-09-09', 'ODI', 'Sachin Tendulkar', 'India', 'India', 'India');
insert into `Match` values ('101', '2014-09-09', 'ODI', 'Ricky Ponting', 'Australia', 'Australia', 'India');
insert into `Match` values ('102', '2012-09-09', 'ODI', 'Sachin Tendulkar', 'India', 'India', 'Australia');
insert into `Match` values ('103', '2011-07-02', 'ODI', 'MS Dhoni', 'India', 'India', 'India');
insert into `Match` values ('104', '2010-02-21', 'ODI', 'Sachin Tendulkar', 'India', 'India', 'India');
insert into `Match` values ('105', '2009-09-09', 'ODI', 'Virat Kohli', 'India', 'India', 'Australia');
insert into `Match` values ('106', '2008-09-09', 'ODI', 'Shane Warne', 'Australia', 'Australia', 'India');
insert into `Match` values ('107', '2007-09-09', 'ODI', 'Sachin Tendulkar', 'India', 'India', 'India');
insert into `Match` values ('108', '2006-10-19', 'ODI', 'Adam Gilchrist', 'Australia', 'Australia', 'Australia');
insert into `Match` values ('109', '2005-10-03', 'ODI', 'Rahul Dravid', 'India', 'India', 'India');
#delete from `match` where type ='ODI';
SET SQL_SAFE_UPDATES = 0;
insert into Officials values ('Bill', 'M', '1950-09-08', 'Australian', 'Manager');
insert into Officials values ('Ann', 'F', '1945-06-23', 'Indian', 'Accountant');
insert into Officials values ('Charles', 'M', '1980-04-30', 'Indian', 'Doctor');
insert into Officials values ('Simon', 'M', '1985-01-09', 'Australian', 'Assistant');
insert into Officials values ('John', 'M', '1990-08-06', 'Indian', 'Inspector');
insert into Officials values ('Mary', 'F', '1987-02-01', 'Australian', 'Instructor');
insert into Venue values ('Wnkhede', 'Mumbai', 'India', '45000');
insert into Venue values ('MCG', 'Melbourne', 'Australia', '67000');
insert into TeamSupport values ('Frank', 'M', '1965-02-04', 'Australian', 'Physician');
insert into TeamSupport values ('Allan', 'M', '1976-09-05', 'Australian', 'Physio');
insert into TeamSupport values ('Ravi', 'M', '1982-03-01', 'Indian', 'Physician');
insert into TeamSupport values ('Sanjay', 'M', '1965-03-02','Indian', 'Physio');
insert into UmpiresFor values ('Bill', '100');
insert into UmpiresFor values ('Ann', '101');
insert into UmpiresFor values ('John', '102');
insert into UmpiresFor values ('Charles', '103');
insert into UmpiresFor values ('Simon', '104');
insert into UmpiresFor values ('John', '105');
insert into UmpiresFor values ('Mary', '106');

insert into CommentatesFor values ('Bill', '100');
insert into CommentatesFor values ('Simon', '101');
insert into CommentatesFor values ('Charles', '102');
insert into CommentatesFor values ('Simon', '103');
insert into CommentatesFor values ('Charles', '104');
insert into CommentatesFor values ('Simon', '105');
insert into CommentatesFor values ('Charles', '106');
insert into CommentatesFor values ('Simon', '107');
insert into CommentatesFor values ('Charles', '108');
insert into CommentatesFor values ('Mary', '109');
insert into Coaches values ('Allan', 'Australia', '2013-09-06', '2019-07-02');
insert into Coaches values ('Ravi', 'India', '2011-04-02', '2018-03-01');
insert into TeamSelectorFor values ('Sam', 'Australia', '2011-08-08', '2019-07-02');
insert into TeamSelectorFor values ('Raj', 'India', '2011-04-02', '2018-03-01');
insert into BattingScoreCard values ('100', 'Sachin Tendulkar', 'India', '53', '32', 'caught-out', 'Andrew Symonds', 'Darren Lehmann', '2', '4');
insert into BattingScoreCard values ('101', 'Sachin Tendulkar', 'India', '109', '98', 'run-out', 'Brett Lee', 'Darren Lehmann', '7', '9');
insert into BattingScoreCard values ('102', 'Sachin Tendulkar', 'India', '53', '32', 'caught-out', 'Andrew Symonds', 'Darren Lehmann', '2', '4');
insert into BattingScoreCard values ('103', 'Sachin Tendulkar', 'India', '53', '32', 'caught-out', 'Andrew Symonds', 'Darren Lehmann', '2', '4');
insert into BattingScoreCard values ('104', 'Sachin Tendulkar', 'India', '53', '32', 'caught-out', 'Andrew Symonds', 'Darren Lehmann', '2', '4');
insert into BattingScoreCard values ('105', 'Sachin Tendulkar', 'India', '53', '32', 'caught-out', 'Andrew Symonds', 'Darren Lehmann', '2', '4');
insert into BowlingScoreCard values ('100', 'Harbhajan Singh', 'India', '36', '10', '3', '3', '2', '1', '1');
insert into BowlingScoreCard values ('101', 'Harbhajan Singh', 'India', '69', '10', '3', '0', '2', '1', '0');
insert into BowlingScoreCard values ('102', 'Harbhajan Singh', 'India', '76', '10', '4', '0', '6', '1', '0');
insert into BowlingScoreCard values ('103', 'Harbhajan Singh', 'India', '76', '10', '3', '1', '2', '1', '0');
insert into BowlingScoreCard values ('104', 'Harbhajan Singh', 'India', '43', '10', '6', '0', '2', '1', '0');



